Date;NZD;AUD;EUR;CHF;PLN;HKD;GMD;RWF;LKR;BDT
01.12.1989;0,594648;0,785986;1,170442;0,638059;6,965631;0,128637;0,132173;0,012508;0,024976;0,031065
01.01.1990;0,602814;0,782105;1,202639;0,658744;1,058252;0,128178;0,127538;0,012011;0,024978;0,029082
01.02.1990;0,592337;0,758895;1,217247;0,672229;1,072729;0,128104;0,129283;0,012175;0,025003;0,02948
01.03.1990;0,584484;0,755414;1,200011;0,661503;1,054188;0,127994;0,127048;0,011965;0,024989;0,028971
01.04.1990;0,5803;0,764076;1,215987;0,672385;1,06746;0,128219;0,128648;0,012115;0,024984;0,029335
01.05.1990;0,57335;0,761626;1,234071;0,70458;1,08436;0,128307;0,130684;0,012307;0,024979;0,0298
01.06.1990;0,581731;0,778243;1,221074;0,701661;1,076298;0,128213;0,129713;0,012215;0,024989;0,029578
01.07.1990;0,590948;0,792477;1,256491;0,717888;1,110816;0,128624;0,133873;0,012607;0,024996;0,030527
01.08.1990;0,611802;0,808473;1,30946;0,76385;1,158702;0,128219;0,139644;0,013151;0,024998;0,031843
01.09.1990;0,618097;0,82481;1,308057;0,765229;1,15633;0,128289;0,139358;0,013124;0,025016;0,031778
01.10.1990;0,610148;0,802556;1,346256;0,780459;1,190645;0,128166;0,143493;0,013513;0,024833;0,032721
01.11.1990;0,608325;0,773833;1,376946;0,795499;1,21591;0,127846;0,146538;0,0138;0,024785;0,033415
01.12.1990;0,592877;0,769767;1,361224;0,781005;1,20061;0,127766;0,144694;0,013626;0,024849;0,032994
01.01.1991;0,591592;0,778805;1,353895;0,786326;0,9417;0,127458;0,113142;0,007957;0,024871;0,027215
01.02.1991;0,59899;0,783735;1,380784;0,789519;0,959968;0,12781;0,115337;0,008111;0,024682;0,027742
01.03.1991;0,592303;0,7718;1,272794;0,720282;0,885512;0,128381;0,106391;0,007482;0,024486;0,025591
01.04.1991;0,588634;0,778914;1,204679;0,693906;0,839274;0,12813;0,100836;0,007092;0,02445;0,024254
01.05.1991;0,586273;0,773722;1,194448;0,687452;0,831685;0,1289;0,099924;0,007028;0,024409;0,024035
01.06.1991;0,576244;0,759606;1,14765;0,653118;0,798523;0,129131;0,09594;0,006747;0,024277;0,023077
01.07.1991;0,567447;0,771326;1,144828;0,645208;0,796808;0,128717;0,095734;0,006733;0,024413;0,023027
01.08.1991;0,573584;0,782459;1,172681;0,657661;0,815875;0,128696;0,098024;0,006894;0,023833;0,023578
01.09.1991;0,579576;0,792986;1,204415;0,67376;0,837699;0,128873;0,100646;0,007078;0,024025;0,024209
01.10.1991;0,563625;0,792886;1,208628;0,676164;0,840179;0,128901;0,100944;0,007099;0,023691;0,024281
01.11.1991;0,563284;0,786552;1,256074;0,696204;0,872443;0,128806;0,104821;0,007372;0,023585;0,025213
01.12.1991;0,555721;0,7708;1,303514;0,722311;0,904471;0,128852;0,108669;0,007643;0,023619;0,026139
01.01.1992;0,543403;0,748295;1,296303;0,715261;0,709593;0,129247;0,108796;0,007219;0,023415;0,024824
01.02.1992;0,541623;0,7516;1,261809;0,686835;0,691146;0,128866;0,105967;0,007031;0,023421;0,024179
01.03.1992;0,547321;0,758541;1,230034;0,663056;0,673398;0,12907;0,103246;0,006851;0,02314;0,023558
01.04.1992;0,541229;0,762795;1,240121;0,658913;0,679633;0,129177;0,104202;0,006914;0,023195;0,023776
01.05.1992;0,535222;0,756001;1,262999;0,670302;0,692968;0,129157;0,106247;0,00705;0,023133;0,024243
01.06.1992;0,541981;0,755941;1,300068;0,700866;0,712836;0,129206;0,109293;0,007252;0,022925;0,024938
01.07.1992;0,546424;0,745113;1,370814;0,75014;0,750115;0,129499;0,115009;0,007631;0,022873;0,026242
01.08.1992;0,540984;0,7248;1,404095;0,769397;0,767211;0,129149;0,11763;0,007805;0,022742;0,02684
01.09.1992;0,543506;0,722568;1,394515;0,784618;0,758942;0,130475;0,116362;0,007721;0,022491;0,026551
01.10.1992;0,542291;0,715486;1,343321;0,760393;0,725275;0,130128;0,1112;0,007379;0,022598;0,025373
01.11.1992;0,521058;0,689876;1,257705;0,699524;0,67801;0,129614;0,103953;0,006898;0,022507;0,023719
01.12.1992;0,516147;0,689696;1,255279;0,703476;0,677852;0,129394;0,103929;0,006896;0,022185;0,023714
01.01.1993;0,512653;0,674529;1,227254;0,676903;0,552576;0,129196;0,109651;0,00694;0,021573;0,025298
01.02.1993;0,515445;0,681615;1,202178;0,658211;0,538988;0,129189;0,106955;0,006769;0,021586;0,024676
01.03.1993;0,530008;0,708052;1,196117;0,658133;0,537368;0,12937;0,106634;0,006749;0,021291;0,024602
01.04.1993;0,538811;0,711937;1,23471;0,684513;0,556011;0,129356;0,110333;0,006983;0,021041;0,025456
01.05.1993;0,542835;0,698033;1,231179;0,690289;0,554734;0,129306;0,11008;0,006967;0,020838;0,025397
01.06.1993;0,539857;0,67505;1,198653;0,678962;0,5402;0,129568;0,107196;0,006784;0,020803;0,024732
01.07.1993;0,549335;0,677623;1,147617;0,660329;0,51901;0,129345;0,102991;0,006518;0,020566;0,023762
01.08.1993;0,556158;0,678131;1,142292;0,668029;0,516641;0,129899;0,102521;0,006489;0,020483;0,023653
01.09.1993;0,554798;0,651959;1,19101;0,705144;0,537516;0,130025;0,106663;0,006751;0,020502;0,024609
01.10.1993;0,555282;0,661624;1,175893;0,694158;0,530609;0,129862;0,105292;0,006664;0,020398;0,024293
01.11.1993;0,547452;0,665;1,138427;0,66781;0,51462;0,129487;0,102119;0,006463;0,020304;0,023561
01.12.1993;0,556067;0,673444;1,137592;0,683021;0,514627;0,129479;0,102121;0,006463;0,020275;0,023561
01.01.1994;0,562852;0,695995;1,120907;0,679788;0,439486;0,129537;0,10429;0,007097;0,020219;0,024834
01.02.1994;0,574659;0,716139;1,126028;0,685955;0,440845;0,129195;0,104613;0,007119;0,020358;0,024911
01.03.1994;0,571623;0,711331;1,152293;0,69982;0,450436;0,129466;0,106888;0,007274;0,020437;0,025453
01.04.1994;0,570172;0,714805;1,151745;0,696408;0,449963;0,129702;0,106776;0,007267;0,020439;0,025426
01.05.1994;0,584487;0,72479;1,176234;0,707171;0,459148;0,12948;0,108956;0,007415;0,020379;0,025945
01.06.1994;0,592988;0,733718;1,19631;0,727469;0,466835;0,129476;0,11078;0,007539;0,020312;0,02638
01.07.1994;0,602843;0,734514;1,237766;0,754953;0,481999;0,129722;0,114378;0,007784;0,020406;0,027237
01.08.1994;0,603918;0,740339;1,239507;0,758617;0,482492;0,129894;0,114495;0,007792;0,020308;0,027265
01.09.1994;0,605502;0,741555;1,251353;0,774101;0,487297;0,129807;0,115636;0,00787;0,020313;0,027536
01.10.1994;0,611687;0,738109;1,276344;0,790898;0,497377;0,130024;0,118027;0,008032;0,020353;0,028106
01.11.1994;0,623904;0,754623;1,258486;0,772289;0,490593;0,130041;0,116418;0,007923;0,020336;0,027722
01.12.1994;0,639016;0,77476;1,229633;0,752243;0,479514;0,129603;0,113789;0,007744;0,020188;0,027096
01.01.1995;0,642557;0,765337;1,256628;0,776373;0,415986;0,129518;0,105671;0,003848;0,020052;0,025045
01.02.1995;0,637632;0,74431;1,277019;0,786851;0,42198;0,130022;0,107193;0,003903;0,020047;0,025406
01.03.1995;0,654026;0,734808;1,34035;0,853533;0,441549;0,130814;0,112164;0,004084;0,020151;0,026584
01.04.1995;0,672989;0,736624;1,365864;0,877527;0,449322;0,130544;0,114139;0,004156;0,020255;0,027052
01.05.1995;0,674498;0,727883;1,345856;0,856545;0,442855;0,130505;0,112496;0,004096;0,020172;0,026662
01.06.1995;0,675724;0,719787;1,356648;0,863501;0,446249;0,130522;0,113358;0,004127;0,019917;0,026867
01.07.1995;0,679534;0,726657;1,372198;0,864992;0,450852;0,130279;0,114528;0,00417;0,01965;0,027144
01.08.1995;0,662122;0,741696;1,329021;0,836378;0,437307;0,130139;0,111087;0,004045;0,019522;0,026328
01.09.1995;0,662222;0,754305;1,312427;0,84076;0,432074;0,130321;0,109757;0,003996;0,019048;0,026013
01.10.1995;0,670855;0,7576;1,34828;0,873058;0,443261;0,131753;0,112599;0,0041;0,019032;0,026687
01.11.1995;0,666868;0,745417;1,351529;0,875039;0,443809;0,132058;0,112738;0,004105;0,018794;0,02672
01.12.1995;0,664628;0,741105;1,331715;0,859104;0,437277;0,13222;0,111079;0,004044;0,01859;0,026327
01.01.1996;0,677663;0,741591;1,319462;0,848872;0,364859;0,13248;0,10049;0,003206;0,01856;0,023537
01.02.1996;0,693953;0,755539;1,314313;0,836857;0,363671;0,132987;0,100163;0,003196;0,018627;0,02346
01.03.1996;0,69582;0,771291;1,306865;0,836148;0,36162;0,132164;0,099598;0,003178;0,018606;0,023328
01.04.1996;0,69428;0,786054;1,289821;0,82108;0,357127;0,131598;0,098361;0,003138;0,018464;0,023038
01.05.1996;0,695997;0,796958;1,268493;0,797264;0,351777;0,131193;0,096887;0,003091;0,01822;0,022693
01.06.1996;0,684899;0,791575;1,273318;0,795767;0,353601;0,13076;0,09739;0,003107;0,018009;0,02281
01.07.1996;0,697054;0,78937;1,292207;0,811309;0,358601;0,130693;0,098767;0,003151;0,018093;0,023133
01.08.1996;0,696464;0,783049;1,306755;0,83148;0,362138;0,130789;0,099741;0,003182;0,017985;0,023361
01.09.1996;0,70236;0,793105;1,28998;0,81198;0,358158;0,130418;0,098645;0,003147;0,01785;0,023104
01.10.1996;0,703467;0,791835;1,275545;0,794836;0,35515;0,129829;0,097816;0,003121;0,017547;0,02291
01.11.1996;0,713553;0,796681;1,289506;0,78471;0,360368;0,130069;0,099254;0,003167;0,017551;0,023247
01.12.1996;0,708762;0,797391;1,25929;0,752962;0,352823;0,130085;0,097175;0,0031;0,017627;0,02276
01.01.1997;0,705294;0,778448;1,223021;0,720341;0,296381;0,129888;0,095285;0,003223;0,017462;0,022143
01.02.1997;0,694913;0,767749;1,167707;0,688057;0,283715;0,129849;0,091213;0,003086;0,017308;0,021197
01.03.1997;0,701814;0,787714;1,152605;0,683182;0,280097;0,129678;0,09005;0,003046;0,01728;0,020927
01.04.1997;0,694324;0,779073;1,144148;0,684205;0,278666;0,12968;0,089589;0,003031;0,017;0,02082
01.05.1997;0,694112;0,774218;1,147628;0,698042;0,279498;0,12971;0,089857;0,00304;0,016997;0,020882
01.06.1997;0,690569;0,753938;1,133425;0,69335;0,276624;0,129833;0,088933;0,003008;0,017085;0,020667
01.07.1997;0,663767;0,7421;1,095439;0,675419;0,268906;0,129576;0,086452;0,002924;0,017031;0,020091
01.08.1997;0,644169;0,741266;1,065322;0,660857;0,261073;0,129551;0,083933;0,002839;0,016895;0,019505
01.09.1997;0,638037;0,723991;1,096043;0,679233;0,26769;0,129395;0,086061;0,002911;0,016745;0,02
01.10.1997;0,636569;0,721256;1,116213;0,689115;0,272655;0,129473;0,087657;0,002965;0,016745;0,020371
01.11.1997;0,622287;0,69465;1,132674;0,710825;0,277291;0,129095;0,089148;0,003016;0,01662;0,020717
01.12.1997;0,591181;0,6626;1,104054;0,69558;0,270588;0,129082;0,086993;0,002943;0,016232;0,020216
01.01.1998;0,580148;0,656909;1,080059;0,678501;0,283636;0,129326;0,092619;0,003156;0,016061;0,021016
01.02.1998;0,583038;0,67422;1,079762;0,683284;0,283629;0,12912;0,092616;0,003156;0,01604;0,021015
01.03.1998;0,57206;0,669873;1,073516;0,671998;0,282556;0,128983;0,092266;0,003144;0,016108;0,020936
01.04.1998;0,552612;0,652513;1,079961;0,663722;0,284213;0,128805;0,092807;0,003163;0,015898;0,021058
01.05.1998;0,537795;0,6304;1,102827;0,676004;0,288858;0,128876;0,094324;0,003214;0,01556;0,021402
01.06.1998;0,511382;0,604819;1,093813;0,66966;0,287034;0,129069;0,093728;0,003194;0,01535;0,021267
01.07.1998;0,517738;0,618161;1,089802;0,660697;0,285988;0,128891;0,093387;0,003182;0,015173;0,02119
01.08.1998;0,50085;0,589924;1,095332;0,669133;0,287048;0,128813;0,093733;0,003194;0,015007;0,021268
01.09.1998;0,503452;0,588226;1,150333;0,713576;0,300744;0,128817;0,098205;0,003347;0,015094;0,022283
01.10.1998;0,519019;0,618277;1,193677;0,748236;0,31107;0,128123;0,101577;0,003462;0,015075;0,023048
01.11.1998;0,531781;0,634995;1,163432;0,722498;0,303427;0,128817;0,099081;0,003377;0,014793;0,022482
01.12.1998;0,521301;0,618787;1,171039;0,73496;0,305365;0,12871;0,099714;0,003398;0,014679;0,022626
01.01.1999;0,53788;0,630552;1,161064;0,723148;0,250844;0,129023;0,087329;0,00298;0,014573;0,020273
01.02.1999;0,54352;0,639956;1,120765;0,701413;0,242138;0,129051;0,084298;0,002877;0,014478;0,01957
01.03.1999;0,532219;0,630588;1,088296;0,682134;0,235123;0,129064;0,081856;0,002793;0,014374;0,019003
01.04.1999;0,543014;0,641843;1,070441;0,668398;0,231265;0,129026;0,080513;0,002747;0,01437;0,018691
01.05.1999;0,552213;0,662377;1,06281;0,663212;0,229617;0,128995;0,079939;0,002728;0,014164;0,018558
01.06.1999;0,53279;0,656653;1,037755;0,650584;0,224204;0,128897;0,078055;0,002663;0,014043;0,01812
01.07.1999;0,526489;0,65724;1,035268;0,645448;0,257691;0,128857;0,077868;0,002657;0,013905;0,018077
01.08.1999;0,526155;0,644599;1,060355;0,662569;0,252671;0,128884;0,079755;0,002721;0,013914;0,018515
01.09.1999;0,522602;0,648816;1,050077;0,655681;0,244739;0,128766;0,078982;0,002695;0,013894;0,018335
01.10.1999;0,514822;0,652335;1,070633;0,671573;0,243262;0,128728;0,080528;0,002748;0,013937;0,018694
01.11.1999;0,512381;0,639005;1,033823;0,644086;0,235142;0,128633;0,077759;0,002653;0,013876;0,018052
01.12.1999;0,508869;0,640502;1,010735;0,631166;0,2399;0,128609;0,076022;0,002594;0,013886;0,017648
01.01.2000;0,514161;0,657348;1,013695;0,629526;0,243654;0,128521;0,078909;0,002589;0,013662;0,019352
01.02.2000;0,490333;0,628774;0,983424;0,612006;0,241149;0,128504;0,076552;0,002512;0,013598;0,018774
01.03.2000;0,490216;0,609309;0,964343;0,601131;0,244399;0,128483;0,075067;0,002463;0,013548;0,01841
01.04.2000;0,495839;0,596361;0,94695;0,601636;0,23638;0,128395;0,073713;0,002419;0,013491;0,018078
01.05.2000;0,468537;0,577046;0,905964;0,582156;0,222442;0,128343;0,070769;0,002314;0,013353;0,017377
01.06.2000;0,470591;0,594557;0,949177;0,608154;0,227431;0,128305;0,077675;0,002425;0,013066;0,019487
01.07.2000;0,460053;0,588102;0,939657;0,606032;0,231775;0,128259;0,075626;0,0024;0,012667;0,019509
01.08.2000;0,445301;0,58051;0,904057;0,58303;0,229108;0,128034;0,073694;0,002309;0,012737;0,018906
01.09.2000;0,417715;0,553831;0,872114;0,569745;0,222667;0,128405;0,072502;0,002228;0,012711;0,018457
01.10.2000;0,400666;0,528657;0,855159;0,565173;0,215611;0,128031;0,067354;0,002184;0,012495;0,018364
01.11.2000;0,399495;0,522619;0,856386;0,562807;0,219594;0,128319;0,064999;0,002188;0,012477;0,018447
01.12.2000;0,42921;0,546347;0,897316;0,592775;0,231634;0,128222;0,062775;0,002292;0,012185;0,018378
01.01.2001;0,444617;0,555503;0,938282;0,613623;0,243133;0,128211;0,063158;0,002276;0,011653;0,018372
01.02.2001;0,435118;0,534844;0,921705;0,60016;0,244664;0,128212;0,06346;0,002236;0,011468;0,018389
01.03.2001;0,418141;0,503349;0,909523;0,592319;0,246178;0,128212;0,064714;0,002206;0,011704;0,018421
01.04.2001;0,40581;0,499809;0,891742;0,583346;0,248376;0,128183;0,064138;0,002163;0,011306;0,01836
01.05.2001;0,421838;0,519949;0,874164;0,570041;0,250887;0,12821;0,063644;0,002121;0,011021;0,018202
01.06.2001;0,414401;0,518094;0,853167;0,560375;0,25185;0,128215;0,06156;0,00207;0,011049;0,017253
01.07.2001;0,408379;0,509633;0,860664;0,56868;0,238135;0,128209;0,060733;0,002088;0,011006;0,017241
01.08.2001;0,431005;0,524468;0,900483;0,594606;0,235478;0,128209;0,059181;0,002185;0,011088;0,017242
01.09.2001;0,418755;0,505665;0,911095;0,611154;0,236844;0,12821;0,058422;0,00221;0,011061;0,017233
01.10.2001;0,414405;0,50459;0,905865;0,612379;0,241825;0,12821;0,058153;0,002198;0,010996;0,016905
01.11.2001;0,416639;0,517371;0,8885;0,605926;0,244424;0,128212;0,058214;0,002222;0,01081;0,017434
01.12.2001;0,415889;0,51418;0,891789;0,604471;0,248907;0,128224;0,057826;0,002223;0,010739;0,017598
01.01.2002;0,424144;0,516737;0,883286;0,599029;0,24595;0,128224;0,057271;0,002205;0,010735;0,017527
01.02.2002;0,418867;0,512912;0,870035;0,588862;0,238898;0,128215;0,055937;0,002193;0,010694;0,017481
01.03.2002;0,432318;0,524622;0,8758;0,596686;0,241742;0,128213;0,056486;0,0022;0,010547;0,017504
01.04.2002;0,443048;0,535666;0,885843;0,60435;0,246455;0,128213;0,054402;0,002211;0,010417;0,017487
01.05.2002;0,461922;0,550424;0,917;0,629266;0,247033;0,128214;0,054245;0,002194;0,010401;0,017502
01.06.2002;0,489539;0,569;0,95544;0,649044;0,248162;0,128207;0,053416;0,002179;0,010372;0,017428
01.07.2002;0,480727;0,553767;0,992183;0,678483;0,242725;0,128207;0,053109;0,002163;0,010411;0,017466
01.08.2002;0,463963;0,541899;0,977759;0,668053;0,239436;0,128206;0,051747;0,002128;0,010407;0,017432
01.09.2002;0,470499;0,547134;0,980795;0,669547;0,240963;0,128209;0,051166;0,002111;0,010409;0,017366
01.10.2002;0,481426;0,550279;0,981109;0,66972;0,242669;0,128215;0,047092;0,002088;0,010389;0,017362
01.11.2002;0,496856;0,561072;1,001362;0,682476;0,253074;0,128218;0,045578;0,002057;0,010381;0,017338
01.12.2002;0,510432;0,563239;1,018255;0,693754;0,255418;0,128199;0,044911;0,002023;0,010361;0,017372
01.01.2003;0,54063;0,583053;1,062186;0,726463;0,260976;0,12822;0,043091;0,00198;0,010345;0,017105
01.02.2003;0,553754;0,594871;1,077295;0,734165;0,258626;0,128216;0,043296;0,001965;0,010308;0,01722
01.03.2003;0,554275;0,602079;1,080652;0,735437;0,249222;0,128222;0,040462;0,00194;0,010156;0,017016
01.04.2003;0,550655;0,609;1,08476;0,724909;0,25249;0,128215;0,039848;0,001953;0,010239;0,017088
01.05.2003;0,576682;0,648262;1,158181;0,764179;0,267201;0,12823;0,04226;0,002005;0,010496;0,017638
01.06.2003;0,581176;0,664508;1,166281;0,756789;0,263061;0,128227;0,039588;0,001908;0,010202;0,017058
01.07.2003;0,586631;0,661875;1,137183;0,734787;0,256328;0,128222;0,039715;0,001901;0,010255;0,01718
01.08.2003;0,582069;0,650871;1,113867;0,72331;0,254891;0,128218;0,037153;0,001885;0,01034;0,017165
01.09.2003;0,58353;0,661294;1,122032;0,725091;0,251368;0,128466;0,035618;0,00187;0,010497;0,017188
01.10.2003;0,601315;0,693277;1,169191;0,755059;0,254478;0,12915;0,034323;0,001858;0,010614;0,017193
01.11.2003;0,628903;0,716243;1,170195;0,75067;0,253428;0,128825;0,032297;0,001835;0,010484;0,017151
01.12.2003;0,647219;0,738905;1,228562;0,790365;0,263665;0,128799;0,03271;0,001831;0,010501;0,017326
01.01.2004;0,672709;0,770318;1,261319;0,805618;0,267651;0,12877;0,032801;0,001807;0,010303;0,016995
01.02.2004;0,692556;0,777851;1,264645;0,803747;0,260391;0,128632;0,032161;0,001792;0,010169;0,017091
01.03.2004;0,660637;0,749156;1,226165;0,78249;0,257395;0,12833;0,032608;0,001767;0,010036;0,016781
01.04.2004;0,6402;0,74267;1,19854;0,770909;0,251826;0,128253;0,033368;0,001761;0,010063;0,016764
01.05.2004;0,616385;0,70511;1,200724;0,779693;0,254388;0,128258;0,034024;0,001795;0,010187;0,016895
01.06.2004;0,628671;0,694462;1,214309;0,799135;0,264479;0,128248;0,033992;0,001778;0,009982;0,016572
01.07.2004;0,646946;0,715876;1,226586;0,803291;0,274719;0,128207;0,033839;0,001788;0,009823;0,016949
01.08.2004;0,654533;0,710097;1,217595;0,791302;0,274798;0,128211;0,034105;0,001781;0,009671;0,016878
01.09.2004;0,65911;0,702396;1,221782;0,791763;0,279297;0,128218;0,033842;0,001776;0,009684;0,016837
01.10.2004;0,683264;0,73254;1,248967;0,80973;0,289235;0,128383;0,034386;0,001779;0,009627;0,016831
01.11.2004;0,700795;0,770345;1,299136;0,853832;0,305205;0,128591;0,033978;0,001796;0,009551;0,016801
01.12.2004;0,715577;0,767857;1,340761;0,87267;0,324303;0,128593;0,033906;0,001807;0,009544;0,016732
01.01.2005;0,704657;0,765186;1,312124;0,848163;0,321644;0,128285;0,034119;0,0018;0,010083;0,016617
01.02.2005;0,71539;0,780722;1,301425;0,839631;0,326494;0,12821;0,034189;0,001808;0,010063;0,016014
01.03.2005;0,730131;0,785455;1,320067;0,852007;0,329226;0,128211;0,034416;0,001824;0,010053;0,015811
01.04.2005;0,720138;0,772997;1,29379;0,836093;0,311365;0,128226;0,034767;0,001824;0,010028;0,015779
01.05.2005;0,718608;0,766054;1,269395;0,821695;0,304069;0,128352;0,035089;0,001826;0,010015;0,015745
01.06.2005;0,708327;0,766396;1,216491;0,790411;0,299591;0,128597;0,035716;0,001826;0,010001;0,015708
01.07.2005;0,678891;0,752365;1,20381;0,772763;0,293653;0,128619;0,035594;0,00184;0,009967;0,015579
01.08.2005;0,695506;0,761454;1,229243;0,791614;0,304;0,128678;0,035955;0,001844;0,009921;0,015331
01.09.2005;0,699768;0,765607;1,225641;0,790989;0,312976;0,128829;0,035787;0,001843;0,009858;0,015229
01.10.2005;0,698025;0,753901;1,201452;0,775653;0,306286;0,128923;0,035387;0,001837;0,009846;0,015216
01.11.2005;0,689754;0,735243;1,178573;0,762899;0,296893;0,128961;0,035111;0,001854;0,009815;0,015206
01.12.2005;0,694793;0,742066;1,18561;0,765977;0,307952;0,128973;0,034818;0,001824;0,009836;0,015135
01.01.2006;0,687088;0,749349;1,210314;0,781147;0,316846;0,128962;0,035044;0,001825;0,009803;0,01506
01.02.2006;0,673047;0,741443;1,193835;0,766257;0,314655;0,128868;0,03531;0,001824;0,009784;0,014897
01.03.2006;0,63479;0,727012;1,202;0,766053;0,30955;0,128873;0,03534;0,001828;0,009741;0,014558
01.04.2006;0,621914;0,736511;1,227117;0,779214;0,313278;0,128924;0,035191;0,001827;0,009743;0,01455
01.05.2006;0,631035;0,764038;1,276959;0,820474;0,32786;0,128961;0,035568;0,001825;0,009716;0,014655
01.06.2006;0,618362;0,739614;1,264995;0,810833;0,3143;0,128805;0,035608;0,001816;0,009661;0,014596
01.07.2006;0,617289;0,751958;1,268367;0,808567;0,317436;0,128638;0,035537;0,001816;0,009616;0,014429
01.08.2006;0,633719;0,76311;1,28113;0,812118;0,328129;0,128592;0,035493;0,001812;0,009643;0,014429
01.09.2006;0,654571;0,756032;1,273038;0,803669;0,321159;0,128493;0,035448;0,001815;0,00975;0,014884
01.10.2006;0,661445;0,753757;1,261105;0,793254;0,323257;0,128437;0,035839;0,001819;0,009454;0,014987
01.11.2006;0,66872;0,772056;1,288141;0,809042;0,336795;0,128497;0,035944;0,001817;0,00931;0,014504
01.12.2006;0,692055;0,785807;1,321279;0,827415;0,346566;0,128649;0,035939;0,001819;0,009296;0,014398
01.01.2007;0,695172;0,782986;1,299864;0,804654;0,335093;0,128204;0,035718;0,001821;0,009216;0,014366
01.02.2007;0,693356;0,782507;1,30742;0,806473;0,335726;0,128015;0,036453;0,001823;0,009204;0,014505
01.03.2007;0,698856;0,792837;1,324186;0,821242;0,340775;0,127985;0,036407;0,001828;0,009156;0,014511
01.04.2007;0,734882;0,827386;1,351616;0,825426;0,354384;0,127953;0,036502;0,00183;0,009137;0,014506
01.05.2007;0,732677;0,824988;1,351132;0,818579;0,357286;0,127897;0,036652;0,001831;0,009023;0,014485
01.06.2007;0,756558;0,842361;1,341857;0,811162;0,35245;0,127974;0,036896;0,001834;0,00901;0,014497
01.07.2007;0,786299;0,867679;1,371559;0,827882;0,363992;0,127887;0,038109;0,001824;0,008955;0,014555
01.08.2007;0,726085;0,828992;1,362248;0,831513;0,357421;0,127948;0,040665;0,001831;0,008911;0,014591
01.09.2007;0,718261;0,845279;1,389645;0,843497;0,36678;0,128489;0,044543;0,001837;0,008823;0,014587
01.10.2007;0,759317;0,898434;1,422748;0,851628;0,383986;0,128957;0,051797;0,001835;0,008856;0,01463
01.11.2007;0,763678;0,897396;1,468364;0,890801;0,401466;0,128567;0,049516;0,001833;0,009055;0,014606
01.12.2007;0,769761;0,872318;1,457037;0,878206;0,404586;0,128238;0,045914;0,001844;0,009179;0,014607
01.01.2008;0,772502;0,881656;1,471791;0,908409;0,407817;0,128134;0,044761;0,001847;0,009247;0,014604
01.02.2008;0,796667;0,912977;1,474838;0,917192;0,412397;0,12825;0,044817;0,001845;0,009273;0,0146
01.03.2008;0,80269;0,926376;1,552653;0,98773;0,439076;0,128497;0,046153;0,001839;0,009282;0,014601
01.04.2008;0,789131;0,930232;1,57505;0,986736;0,457631;0,128337;0,050687;0,001843;0,009276;0,014577
01.05.2008;0,777514;0,949701;1,5557;0,957552;0,457073;0,128209;0,048639;0,001849;0,009278;0,014607
01.06.2008;0,76163;0,951675;1,555276;0,963678;0,461032;0,128086;0,047892;0,001853;0,009278;0,014594
01.07.2008;0,754622;0,962421;1,57697;0,973933;0,48398;0,128204;0,04805;0,001849;0,009292;0,014599
01.08.2008;0,70981;0,88305;1,497538;0,923666;0,455109;0,128069;0,046287;0,001833;0,009282;0,014582
01.09.2008;0,674934;0,819251;1,43695;0,901357;0,425953;0,128406;0,04456;0,001825;0,009272;0,014602
01.10.2008;0,609424;0,690578;1,332209;0,876597;0,373524;0,128884;0,041989;0,001819;0,009241;0,014578
01.11.2008;0,565458;0,657431;1,273215;0,839895;0,341441;0,129016;0,039353;0,001812;0,009091;0,014627
01.12.2008;0,557419;0,668641;1,344943;0,874243;0,335693;0,129023;0,037318;0,001809;0,008972;0,014613
01.01.2009;0,549502;0,674665;1,323867;0,886456;0,313558;0,128922;0,038141;0,001779;0,008778;0,014635
01.02.2009;0,514588;0,648326;1,27847;0,857778;0,275329;0,128971;0,038616;0,001767;0,00876;0,014568
01.03.2009;0,532894;0,666189;1,304982;0,865114;0,282613;0,129027;0,037864;0,001765;0,008743;0,014595
01.04.2009;0,570507;0,712928;1,31903;0,870841;0,297672;0,129028;0,037683;0,001765;0,008515;0,014565
01.05.2009;0,602476;0,765634;1,365045;0,902926;0,309533;0,129013;0,037761;0,001771;0,008584;0,014536
01.06.2009;0,63813;0,802669;1,401645;0,925297;0,31092;0,12902;0,037848;0,001767;0,008703;0,014523
01.07.2009;0,64422;0,805049;1,40877;0,926692;0,328056;0,12903;0,037688;0,001765;0,008705;0,014533
01.08.2009;0,676368;0,835372;1,4268;0,936469;0,345422;0,129021;0,037762;0,00177;0,008713;0,014545
01.09.2009;0,703893;0,861529;1,456164;0,961317;0,350185;0,129027;0,037837;0,00177;0,008711;0,014561
01.10.2009;0,738485;0,906901;1,481636;0,978736;0,351581;0,129031;0,037784;0,001764;0,008706;0,014514
01.11.2009;0,729364;0,91924;1,491167;0,987212;0,358202;0,129031;0,037945;0,00176;0,008734;0,014514
01.12.2009;0,716943;0,902931;1,461359;0,972872;0,352722;0,128985;0,038181;0,001758;0,008749;0,014492
01.01.2010;0,726521;0,913481;1,42721;0,966592;0,350653;0,128828;0,038661;0,001754;0,008744;0,01447
01.02.2010;0,69775;0,886866;1,36857;0,932811;0,340946;0,128741;0,038017;0,001742;0,008689;0,014419
01.03.2010;0,703077;0,911787;1,356852;0,936928;0,348764;0,12884;0,037667;0,00175;0,008741;0,01445
01.04.2010;0,712634;0,926888;1,34057;0,935057;0,345695;0,12882;0,037667;0,001739;0,008724;0,014402
01.05.2010;0,698016;0,871097;1,256533;0,886074;0,309919;0,128419;0,036385;0,001728;0,008768;0,014381
01.06.2010;0,69123;0,853058;1,22085;0,887111;0,297523;0,128387;0,034245;0,001716;0,008797;0,014388
01.07.2010;0,712899;0,876465;1,276741;0,948152;0,313003;0,128591;0,034894;0,001701;0,008853;0,014386
01.08.2010;0,714035;0,899348;1,289418;0,961475;0,323186;0,128692;0,035133;0,001702;0,008887;0,014389
01.09.2010;0,727713;0,937147;1,3067;0,998228;0,3304;0,128775;0,034695;0,001707;0,008899;0,014364
01.10.2010;0,751319;0,981243;1,389781;1,03318;0,351892;0,128881;0,037652;0,001707;0,008946;0,014186
01.11.2010;0,77165;0,988905;1,366095;1,016215;0,345786;0,128947;0,03666;0,00169;0,008967;0,014198
01.12.2010;0,7518;0,993905;1,322013;1,032308;0,330832;0,12863;0,037099;0,001689;0,009006;0,014158
01.01.2011;0,766226;0,995774;1,335967;1,045378;0,343473;0,128528;0,03675;0,001679;0,009022;0,014074
01.02.2011;0,761582;1,007831;1,364895;1,052191;0,347635;0,128385;0,036122;0,001681;0,009021;0,014059
01.03.2011;0,741302;1,010008;1,399639;1,088155;0,348606;0,128321;0,036744;0,001682;0,009063;0,013878
01.04.2011;0,787897;1,057133;1,444179;1,112997;0,363879;0,128635;0,036379;0,001683;0,009069;0,013712
01.05.2011;0,796214;1,06784;1,434864;1,144538;0,364154;0,128628;0,036194;0,001683;0,009109;0,013646
01.06.2011;0,814502;1,06059;1,438841;1,189952;0,362431;0,128443;0,036847;0,001682;0,009127;0,01352
01.07.2011;0,845498;1,076711;1,426429;1,212842;0,357091;0,128387;0,036255;0,001682;0,009134;0,013409
01.08.2011;0,838675;1,051025;1,434322;1,281527;0,348234;0,128241;0,036526;0,001683;0,009109;0,013426
01.09.2011;0,813677;1,023731;1,377;1,148341;0,317716;0,128291;0,034439;0,001683;0,009084;0,013387
01.10.2011;0,789587;1,01399;1,370633;1,114804;0,315008;0,128557;0,034586;0,001684;0,00908;0,013198
01.11.2011;0,771184;1,010792;1,355573;1,101483;0,305926;0,128495;0,034017;0,001676;0,008989;0,013074
01.12.2011;0,770614;1,013529;1,317905;1,07357;0,294368;0,12858;0,034711;0,001677;0,008779;0,012812
01.01.2012;0,800103;1,040379;1,290486;1,065859;0,295094;0,128807;0,034038;0,001675;0,008782;0,011995
01.02.2012;0,834564;1,072759;1,32241;1,095571;0,316124;0,128949;0,03295;0,001675;0,008512;0,012038
01.03.2012;0,819788;1,05303;1,3201;1,094539;0,319099;0,128824;0,032867;0,001671;0,007953;0,012221
01.04.2012;0,817789;1,034913;1,316174;1,094689;0,315022;0,128831;0,03393;0,001666;0,007755;0,012204
01.05.2012;0,773451;0,997189;1,278891;1,064645;0,298037;0,128802;0,03266;0,001668;0,007734;0,012204
01.06.2012;0,780058;0,998278;1,252629;1,042934;0,291549;0,128882;0,032287;0,001668;0,007572;0,012202
01.07.2012;0,798486;1,030045;1,228845;1,023126;0,293739;0,128935;0,032241;0,00166;0,007528;0,012203
01.08.2012;0,810184;1,047271;1,239996;1,032373;0,302941;0,128929;0,032076;0,001652;0,007568;0,012244
01.09.2012;0,817782;1,03909;1,28557;1,06343;0,310983;0,128961;0,032543;0,001642;0,007596;0,012204
01.10.2012;0,82032;1,030072;1,297417;1,072463;0,31591;0,129002;0,032562;0,001601;0,007742;0,012287
01.11.2012;0,819145;1,040277;1,282773;1,064398;0,310467;0,129021;0,033144;0,001593;0,007672;0,012286
01.12.2012;0,831665;1,047321;1,311937;1,085049;0,320351;0,129027;0,032027;0,001586;0,007798;0,012399
01.01.2013;0,836941;1,049809;1,328805;1,081434;0,320786;0,128977;0,029682;0,001586;0,007887;0,012562
01.02.2013;0,838673;1,031454;1,335905;1,086271;0,320358;0,128938;0,0297;0,001583;0,007885;0,012689
01.03.2013;0,828043;1,034146;1,29636;1,056877;0,311902;0,128879;0,029908;0,001575;0,007888;0,012714
01.04.2013;0,848737;1,038921;1,3026;1,067819;0,314978;0,12883;0,030332;0,001575;0,007936;0,012806
01.05.2013;0,823246;0,988871;1,298205;1,045499;0,310622;0,128833;0,030229;0,001561;0,007918;0,012831
01.06.2013;0,790741;0,943749;1,318875;1,070331;0,307906;0,12886;0,027569;0,001543;0,007808;0,012845
01.07.2013;0,788464;0,916057;1,308013;1,057787;0,306061;0,128926;0,027462;0,001538;0,007621;0,01284
01.08.2013;0,79101;0,902927;1,33095;1,078781;0,314669;0,12894;0,027975;0,001543;0,007575;0,012854
01.09.2013;0,813811;0,928367;1,33479;1,081866;0,315053;0,12896;0,028319;0,00152;0,007549;0,012873
01.10.2013;0,833954;0,951659;1,363496;1,107057;0,32541;0,128968;0,028324;0,001491;0,007631;0,012849
01.11.2013;0,826485;0,932527;1,34929;1,095523;0,322125;0,128991;0,027306;0,001485;0,007626;0,012842
01.12.2013;0,822613;0,899113;1,37036;1,119172;0,328159;0,128971;0,026211;0,001483;0,007636;0,012798
01.01.2014;0,827415;0,88519;1,361023;1,105019;0,325624;0,128902;0,026221;0,001472;0,00765;0,012897
01.02.2014;0,829546;0,897307;1,36585;1,118429;0,327236;0,128838;0,026186;0,001471;0,007643;0,012896
01.03.2014;0,853374;0,908443;1,382252;1,135173;0,329214;0,128842;0,026094;0,001474;0,007656;0,012883
01.04.2014;0,860702;0,931362;1,38125;1,133158;0,330024;0,12896;0,025782;0,001471;0,007656;0,012893
01.05.2014;0,860573;0,930672;1,373214;1,125195;0,328518;0,128994;0,025146;0,001473;0,007668;0,012907
01.06.2014;0,862136;0,936369;1,359238;1,115856;0,328703;0,129002;0,025176;0,001472;0,007675;0,012895
01.07.2014;0,869187;0,938924;1,353917;1,114343;0,326685;0,129025;0,025176;0,001465;0,007679;0,012896
01.08.2014;0,843715;0,930852;1,33161;1,098866;0,317667;0,129024;0,02518;0,001449;0,007681;0,012913
01.09.2014;0,814617;0,905905;1,290136;1,068375;0,307915;0,128989;0,025252;0,001452;0,007676;0,012941
01.10.2014;0,787652;0,877884;1,267274;1,049237;0,301259;0,128908;0,02497;0,001453;0,007656;0,01293
01.11.2014;0,783078;0,864251;1,24722;1,036992;0,296109;0,128958;0,023485;0,001452;0,007634;0,012935
01.12.2014;0,77685;0,826142;1,233133;1,025423;0,292599;0,128953;0,023238;0,001452;0,007623;0,012902
01.01.2015;0,764006;0,807638;1,162133;1,068447;0,271616;0,128979;0,023187;0,001449;0,007592;0,012861
01.02.2015;0,74507;0,779139;1,134965;1,068981;0,271788;0,128943;0,023206;0,001453;0,007532;0,012855
01.03.2015;0,747127;0,773678;1,083768;1,021696;0,262681;0,128894;0,023208;0,001442;0,007519;0,012846
01.04.2015;0,758277;0,773383;1,07793;1,038513;0,26828;0,129016;0,02322;0,00145;0,00752;0,012855
01.05.2015;0,737835;0,78951;1,114955;1,072954;0,273241;0,128992;0,023317;0,001451;0,007491;0,012857
01.06.2015;0,699043;0,771743;1,121323;1,072541;0,269638;0,128984;0,023662;0,001415;0,007471;0,012863
01.07.2015;0,664745;0,740847;1,099578;1,048077;0,264817;0,129004;0,025357;0,001391;0,00748;0,012863
01.08.2015;0,655276;0,729717;1,113905;1,03359;0,265504;0,128986;0,025321;0,001382;0,007469;0,012859
01.09.2015;0,633487;0,705788;1,122118;1,028259;0,266064;0,12903;0,025432;0,001389;0,007187;0,012851
01.10.2015;0,66919;0,720904;1,123509;1,03243;0,264324;0,129031;0,025412;0,00136;0,007101;0,012854
01.11.2015;0,656023;0,715251;1,0736;0,991071;0,252649;0,129022;0,025483;0,001347;0,007038;0,012853
01.12.2015;0,674253;0,724753;1,087718;1,004681;0,253568;0,129019;0,025337;0,001341;0,006969;0,012793
01.01.2016;0,652233;0,700313;1,085965;0,992613;0,246442;0,128505;0,025289;0,001331;0,006949;0,012754
01.02.2016;0,663013;0,713177;1,109295;1,006838;0,252282;0,128491;0,025323;0,001319;0,00695;0,012743
01.03.2016;0,673517;0,748883;1,109967;1,016473;0,258579;0,128837;0,024814;0,001314;0,006874;0,012771
01.04.2016;0,689046;0,766167;1,133919;1,037491;0,263097;0,128923;0,023497;0,001298;0,00687;0,01277
01.05.2016;0,680271;0,731694;1,131109;1,022863;0,256848;0,128806;0,023421;0,001311;0,006832;0,012736
01.06.2016;0,70393;0,740141;1,122891;1,030833;0,255266;0,128829;0,023389;0,00131;0,006837;0,01273
01.07.2016;0,713579;0,753314;1,106852;1,018595;0,251773;0,128916;0,023404;0,001301;0,006855;0,012756
01.08.2016;0,723777;0,763248;1,121174;1,0304;0,260718;0,128928;0,023428;0,001257;0,006869;0,012757
01.09.2016;0,731509;0,759286;1,121209;1,026878;0,25951;0,128927;0,023367;0,001243;0,006859;0,012756
01.10.2016;0,715612;0,762027;1,102605;1,012781;0,255977;0,128911;0,023376;0,001239;0,006801;0,012747
01.11.2016;0,715039;0,753508;1,079895;1,003826;0,246006;0,12893;0,023524;0,001233;0,006747;0,012685
01.12.2016;0,703767;0,734462;1,05429;0,980684;0,23768;0,128883;0,023474;0,001226;0,00671;0,012613
01.01.2017;0,711388;0,744889;1,061441;0,990754;0,243064;0,128922;0,022807;0,00122;0,006672;0,012638
01.02.2017;0,722353;0,766427;1,064265;0,998395;0,247039;0,128867;0,022483;0,001217;0,00662;0,012525
01.03.2017;0,700439;0,76225;1,06847;0,997967;0,249254;0,128756;0,022374;0,001212;0,006592;0,012479
01.04.2017;0,696818;0,75299;1,072267;0,99962;0,253051;0,128626;0,022164;0,001212;0,006574;0,012238
01.05.2017;0,695227;0,743201;1,10575;1,014086;0,263302;0,128414;0,021728;0,001205;0,006552;0,012334
01.06.2017;0,72247;0,755695;1,122945;1,03269;0,266657;0,128223;0,021798;0,001196;0,00654;0,012401
01.07.2017;0,735156;0,779412;1,151114;1,040872;0,27173;0,128054;0,021778;0,001197;0,006508;0,012349
01.08.2017;0,73015;0,791081;1,18073;1,035569;0,276694;0,127852;0,021848;0,001191;0,006529;0,012335
01.09.2017;0,725356;0,797176;1,191457;1,038791;0,279086;0,127984;0,021498;0,001188;0,006542;0,012237
01.10.2017;0,704332;0,778612;1,175586;1,018262;0,275795;0,128111;0,021125;0,001184;0,006513;0,012146
01.11.2017;0,688787;0,76253;1,1738;1,008429;0,277716;0,128121;0,021059;0,001175;0,006508;0,01196
01.12.2017;0,696237;0,764375;1,183621;1,012563;0,281602;0,127988;0,021021;0,001176;0,006527;0,012056
01.01.2018;0,726174;0,79529;1,21995;1,040719;0,293039;0,127885;0,020921;0,001175;0,006501;0,012035
01.02.2018;0,730986;0,787297;1,23478;1,069782;0,296449;0,127844;0,021107;0,001178;0,006457;0,012033
01.03.2018;0,725645;0,776438;1,233619;1,0558;0,293079;0,127537;0,021138;0,001175;0,006422;0,012037
01.04.2018;0,724717;0,76865;1,22763;1,032559;0,292752;0,127414;0,021129;0,001174;0,006428;0,012058
01.05.2018;0,695012;0,752644;1,181223;1,002821;0,275683;0,127408;0,021201;0,001166;0,006337;0,01187
01.06.2018;0,694324;0,749731;1,167829;1,010045;0,271374;0,127434;0,021187;0,001161;0,006287;0,011851
01.07.2018;0,678606;0,739982;1,168573;1,005485;0,270276;0,127424;0,020973;0,001156;0,006273;0,011893
01.08.2018;0,666996;0,732707;1,154896;1,011936;0,269486;0,127394;0,020788;0,001151;0,006234;0,011881
01.09.2018;0,659648;0,720165;1,16587;1,033052;0,271098;0,127592;0,020602;0,001143;0,006054;0,011913
01.10.2018;0,65305;0,710728;1,148404;1,006202;0,266793;0,127585;0,020214;0,001145;0,005838;0,011813
01.11.2018;0,677532;0,724916;1,136686;0,999117;0,264238;0,127717;0,020178;0,001133;0,005654;0,011926
01.12.2018;0,6828;0,718457;1,138421;1,008093;0,265366;0,127876;0,02021;0,001137;0,005548;0,011924
01.01.2019;0,677565;0,714683;1,141641;1,010592;0,266018;0,127518;0,020197;0,00113;0,0055;0,01192
01.02.2019;0,68364;0,714148;1,135115;0,998552;0,26292;0,127423;0,020189;0,001128;0,005597;0,011908
01.03.2019;0,683341;0,708229;1,130248;0,999312;0,263041;0,127398;0,020158;0,001116;0,005612;0,01189
01.04.2019;0,672199;0,711219;1,123825;0,992885;0,262186;0,12747;0,020172;0,001107;0,005721;0,011864
01.05.2019;0,655728;0,694012;1,118459;0,989484;0,260364;0,127417;0,020151;0,001104;0,005671;0,011843
01.06.2019;0,659744;0,694382;1,12934;1,011342;0,264889;0,127778;0,020173;0,001103;0,005663;0,011831
01.07.2019;0,668199;0,698498;1,121839;1,012891;0,263373;0,128008;0,020048;0,001096;0,005683;0,011835
01.08.2019;0,64308;0,677166;1,112623;1,021502;0,255987;0,127532;0,01995;0,001092;0,005617;0,011837
01.09.2019;0,634458;0,680883;1,10039;1,009251;0,252793;0,127619;0,019842;0,001085;0,005525;0,011825
01.10.2019;0,633202;0,679308;1,105257;1,006536;0,256987;0,127514;0,019717;0,001085;0,005514;0,011814
01.11.2019;0,640057;0,682997;1,105095;1,006684;0,257879;0,12774;0,019527;0,001076;0,005542;0,011794
01.12.2019;0,659057;0,688013;1,111345;1,017246;0,260116;0,128117;0,019485;0,001073;0,005517;0,011779
01.01.2020;0,660329;0,685725;1,110036;1,031207;0,261149;0,128652;0,019544;0,001064;0,005514;0,011791
01.02.2020;0,639127;0,666798;1,0905;1,024147;0,255002;0,128619;0,019599;0,001065;0,005507;0,011774
01.03.2020;0,605794;0,622888;1,106341;1,044584;0,249415;0,128785;0,019659;0,001062;0,005418;0,011797
01.04.2020;0,599872;0,629301;1,08619;1,030089;0,239057;0,129011;0,019609;0,001064;0,005208;0,011767
01.05.2020;0,60941;0,651936;1,090185;1,030965;0,240959;0,128999;0,019461;0,001062;0,00534;0,011763
01.06.2020;0,644152;0,689544;1,125459;1,050639;0,2532;0,129027;0,019367;0,001053;0,005375;0,01177
01.07.2020;0,658557;0,703095;1,146339;1,07019;0,257683;0,129014;0,019304;0,001048;0,005377;0,011782
01.08.2020;0,659698;0,719817;1,18281;1,098508;0,26885;0,129028;0,019293;0,00104;0,005404;0,011787
01.09.2020;0,666988;0,723202;1,179241;1,093344;0,263695;0,129029;0,019315;0,00104;0,005406;0,011794
01.10.2020;0,663924;0,712778;1,177518;1,096488;0,259317;0,129026;0,019321;0,001029;0,005423;0,011798
01.11.2020;0,686887;0,727817;1,18379;1,097606;0,263392;0,128989;0,01932;0,001018;0,005409;0,011796
01.12.2020;0,70917;0,752849;1,216973;1,125379;0,271746;0,128998;0,019305;0,001012;0,005344;0,011786
